<?xml version="1.0" encoding="UTF-8"?>
<project-private xmlns="http://www.netbeans.org/ns/project-private/1">
    <editor-bookmarks xmlns="http://www.netbeans.org/ns/editor-bookmarks/2" lastBookmarkId="0"/>
    <open-files xmlns="http://www.netbeans.org/ns/projectui-open-files/2">
        <group>
            <file>file:/C:/Program%20Files%20(x86)/Java/NetBeansProjects/JavaApplication1/JavaApplication1/src/instruction.java</file>
            <file>file:/C:/Program%20Files%20(x86)/Java/NetBeansProjects/JavaApplication1/JavaApplication1/src/test1.java</file>
            <file>file:/C:/Program%20Files%20(x86)/Java/NetBeansProjects/JavaApplication1/JavaApplication1/src/home.java</file>
            <file>file:/C:/Program%20Files%20(x86)/Java/NetBeansProjects/JavaApplication1/JavaApplication1/src/test2.java</file>
            <file>file:/C:/Program%20Files%20(x86)/Java/NetBeansProjects/JavaApplication1/JavaApplication1/src/test.java</file>
            <file>file:/C:/Program%20Files%20(x86)/Java/NetBeansProjects/JavaApplication1/JavaApplication1/src/contact.java</file>
        </group>
    </open-files>
</project-private>
